name,symbol
bitcoin,btc
litecoin,ltc
peercoin,ppc
namecoin,nmc
terracoin,trc
devcoin,dvc
novacoin,nvc
feathercoin,ftc
freicoin,frc
mincoin,mnc
chncoin,cnc
bbqcoin,bqc
ixcoin,ixc
bitbar,btb
worldcoin,wdc
yacoin,yac
digitalcoin,dgc
memecoin,mem
americancoin,amc
franko,frk
elacoin,elc
goldcoin,glc
luckycoin,lky
junkcoin,jkc
nibble,nbl
bytecoin,bte
megacoin,mec
phoenixcoin,pxc
bitgem,btg
craftcoin,crc
fastcoin,fst
krugercoin,kgc
alphacoin,alf
argentum,arg
bottlecaps,cap
stablecoin,sbc
hypercoin,hyc
noirbits,nrb
doubloons,dbl
ezcoin,ezc
primecoin,xpm
infinitecoin,ifc
anoncoin,anc
nanotoken,nan
xencoin,xnc
casinocoin,csc
spots,spt
lebowskis,lbw
xrp,xrp
bullion,cbx
emerald crypto,emd
globalcoin,glc
quark,qrk
gamecoin,gme
gil,gil
zetacoin,zet
securecoin,src
tickets,tix
copperlark,clr
tagcoin,tag
bitshares pts,pts
flo,flo
i0coin,i0c
colossuscoin,col
nxt,nxt
datacoin,dtc
sexcoin,sxc
dogecoin,doge
deutsche emark,dem
betacoin,bet
unobtanium,uno
netcoin,net
tigercoin,tgc
grandcoin,gdc
orbitcoin,orb
philosopher stones,phs
diamond,dmd
hobonickels,hbn
joulecoin,xjo
omni,omni
earthcoin,eac
memorycoin,mmc
catcoin,cat
lottocoin,lot
asiccoin,asc
fedoracoin,tips
ronpaulcoin,rpc
mooncoin,moon
dimecoin,dime
frozen,fz
42-coin,42
qqcoin,qqc
etoken,etok
extremecoin,exc
xivra,xiv
ybcoin,ybc
kittehcoin,meow
particle,prt
redcoin,red
grain,gra
vertcoin,vtc
leafcoin,leaf
velocitycoin,vel
klondikecoin,kdc
battlecoin,bcx
starcoin,str
astrocoin,asr
applecoin,apc
noblecoin,nobl
digibyte,dgb
coino,con
smartcoin,smc
usde,usde
karmacoin,karma
pxlcoin,pxl
teslacoin,tes
counterparty,xcp
maxcoin,max
dash,dash
cachecoin,cach
ultracoin,utc
huntercoin,huc
nyancoin,nyan
reddcoin,rdd
premine,pmc
qubitcoin,q2c
potcoin,pot
blakecoin,blc
electric,volt
teacoin,tea
rapidcoin,rpd
mintcoin,mint
gridcoin classic,grcx
topcoin,top
corgicoin,corg
flappycoin,flap
pandacoin (panda),panda
penguincoin (old),peng
cryptographic anomaly,cga
dopecoin,dope
prospercoin,prc
icoin,icn
pandacoin (pand),pand
aricoin,ari
auroracoin,aur
blackcoin,blk
billioncoin,bil
maza,maza
takcoin,tak
riecoin,ric
continuumcoin,ctm
pesetacoin,ptc
pandacoin,pnd
animecoin,ani
marscoin,mars
benjamins,ben
cashcoin,cash
zenithcoin,ztc
orobit,oro
duckduckcoin,duck
66 coin,66
uniform fiscal object,ufo
unioncoin,unc
microcoin,mrc
grumpycoin,grump
murraycoin,mry
myriad,xmy
zedcoin,zed
rainbowcoin,lgbt
batcoin,bat
globe,glb
dnotes,note
thorcoin,thor
suncoin,sun
spaincoin,spa
marinecoin,mtc
coin2,nc2
heavycoin,hvc
saturncoin,sat
execoin,exe
ekrona,krn
heisenberg,hex
litebar,ltb
ebtcoin,ebt
piggycoin,pig
opensourcecoin,osc
fairquark,frq
fckbankscoin,fck
skeincoin,skc
noodlyappendagecoin,ndl
magic internet money,mim
leprocoin,lpc
aliencoin,aln
aphroditecoin,aph
aircoin,air
bitcoin scrypt,btcs
monacoin,mona
zeitcoin,zeit
ecc,ecc
faircoin,fair
fluttercoin,flt
gpucoin,gpuc
octocoin,888
metiscoin,mts
emoticoin,emo
ghostcoin,ghc
tenfivecoin,10-5
socialcoin,soc
rubycoin,rby
bela,bela
coin(o),cno
credits,cr
gaelcoin,gac
stockcoin,stc
stlcoin,stl
zeuscoin,zeu
emucoin,emu
siliconvalleycoin [old],xsv
e-gulden,efl
hirocoin,hiro
solarcoin,slr
blitzcoin,bltz
rotocoin,rt2
mtgoxcoin,gox
bitleu,btl
greececoin,grce
deletecoin,del
bones,bones
neocoin,nec
pawncoin,pawn
bonuscoin,bns
macrocoin,mcr
hongketocoin,hkc
foxcoin,fox
karpelescoin,kar
cryptoescudo,cesc
germanycoin,ger
educoin,edu
h2ocoin,h2o
dougcoin,doug
procoin,pcn
muniti,mun
einsteinium,emc2
gulden,nlg
isracoin,isr
groestlcoin,grs
lycancoin,lyc
365coin,365
polcoin,plc
whitecoin,xwc
nas,nas
asiacoin,ac
communitycoin,comm
caix,caix
noirshares,nrs
aiden,adn
cataloniacoin,catc
plncoin,plnc
cagecoin,cage
petrodollar,xpd
cinni,cinni
yellowcoin,yc
quebecoin,qbc
cleanwatercoin,water
stabilityshares,xsi
kashmircoin,ksc
maidsafecoin,maid
bitcoin plus,xbc
zimstake,zs
logicoin,lgc
bluecoin,blu
btctalkcoin,talk
xxlcoin,xxl
legendarycoin,lgd
diem,diem
cornerstonecoin,ccx
limecoin,lc
newyorkcoin,nyc
shibecoin,shibe
badgercoin,bdg
silkcoin,silk
universitycoin,uvc
sharecoin,share
pinkcoin,pink
omnicoin,omc
virtualminingcoin,vmc
parallaxcoin,plx
guncoin,gun
crtcoin,crt
vegascoin,vgc
nautiluscoin,naut
libertycoin,xlb
vericoin,vrc
dreamcoin,drm
orangecoin,oc
informationcoin,itc
bitstar,bits
coffeecoin,cfc
energycoin,enrg
yincoin,yin
summercoin,sum
monero,xmr
xcurrency,xc
chancecoin,cha
jackpotcoin,jpc
tekcoin,tek
sync,sync
monocle,mon
yangcoin,yang
litecoin plus,lcp
unbreakablecoin,unb
huskycoin,hc
lovecoin,love
qora,qora
boostcoin,bost
curecoin,cure
mastcoin,mast
entropycoin,enc
quazarcoin,qcn
cryptcoin,crypt
globalboost,bst
maieuticoin,mmxiv
dirac,xdq
litecoinx,ltcx
citizencoin,ctz
wincoin,win
hyper,hyper
cryptometh,meth
savecoin,spc
hotcoin,hot
scotcoin,scot
quarkbar,qb
cannacoin,ccn
cloakcoin,cloak
coin2.1,c2
leaguecoin,lol
digital commerce,dcm
distrocoin,dis
supercoin,super
bitsend,bsd
aimcoin,aim
kryptkoin,ktk
startcoin,start
neutrino,ntr
fuelcoin,fc2
saffroncoin,sfr
navcoin,nav
harmonycoin,hmy
vootcoin,voot
burnercoin,burn
piggycoin,piggy
fractalcoin,frac
uro,uro
mugatucoin,muga
mammothcoin,mamm
electron,elt
[deprecated] denarius,drs
motocoin,moto
artbyte,aby
fantomcoin,fcn
bytecoin,bcn
razor,rzr
mineralscoin,min
talkcoin,tac
kore,kore
glyph,glyph
shopcoin,shop
bluechip,bch
wavecoin,wvs
mycoin,myc
goalcoin,goal
nemstake,nem
guerillacoin,gue
boolberry,bbr
wankcoin,wkc
venividivici,vvv
digitalnote,xdn
goldreserve,xgr
digit,dig
coolcoin,cool
techcoin,tech
mjollnircoin,mnr
global denomination,gdn
veilcoin,veil
shacoin,sha
roxcoin,rox
ntx,ntx
xxxcoin,xxx
saturn2coin,sat2
britcoin,brit
conspiracycoin,cyc
lightcoin,lit
maiacoin,maia
bitblock,bbl
banknote,bn
singularity,sing
gameleaguecoin,gml
goodcoin,good
hempcoin,thc
fimkrypto,fimk
torcoin,tor
stealth,xst
chccoin,chcc
nfdcoin,nfd
shieldcoin,shld
aerome,am
trustplus,trust
judgecoin,judge
cscoin,cso
ascentcoin,asce
riotcoin,riot
isiscoin,isis
noahcoin,noah
viacoin,via
bitcoindark,btcd
keycoin,key
plankton,food
icebergcoin,icb
apexcoin,apex
xanoncoin,xan
arcoin,ar
greencoin,gre
shinycoin,shc
popularcoin,pop
bitshares,bts
jl777hodl,jlh
pesa,pes
quatloo,qtl
pseudocash,pseud
concealcoin,cnl
elitecoin,elite
shadowcash,sdc
i/o coin,ioc
boomcoin,boom
cryptonite,xcn
cannabiscoin,cann
carboncoin,carbon
esportscoin,esc
payprocoin,pro
darkcash,drkc
functioncoin,fcc
doomcoin,doom
payzorcoin,pzr
gbcoin,gbc
ringo,rin
apicoin,xap
stellar,xlm
crypti,xcr
zccoin,zcc
librexcoin,lxc
multiwalletcoin,mwc
incognitocoin,icg
groupcoin,gpc
n5coin,n5x
doscoin,dos
californiacoin,cac
unattainium,unat
virtacoin,vta
hyperstake,hyp
nxttycoin,nxtty
xcloudcoin,xcld
sonic,ssd
blacktoken,blkt
theoremcoin,theo
eutopium,upm
firecoin,fire
qibuck,qbk
altcoin,atc
fuzon,fzn
syscoin,sys
captcoin,capt
halcyon,hal
greenbacks,gb
rawcoin,raw
bitmark,btm
clustercoin,clstr
shopx,shopx
bigbullion,big
bancorcoin,bncr
intellicoin,int
solecoin,sole
lottoshares,lts
ltbcoin,ltbc
emercoin,emc
pyramids,pyra
kumacoin,kuma
bilshares,bils
storjcoin x,sjcx
mgw,mgw
donu,donu
rootcoin,root
bitmo,xbm
fibre,fibre
axron,axr
vaultcoin,vault
ethancoin,ethan
ripoffcoin,ripo
dogeparty,xdp
clams,clam
coinomat,cnmt
socialxbot,xbot
horizon,hz
ubiq,ubq
prozcoin,proz
nativecoin,n8v
nimbus,nmb
newworldordercoin,nwo
shadecoin,shade
solcoin,sol
freshcoin,frsh
litecoindark,ltcd
xcash,xcash
node,node
mgwbtc,mgwbtc
reserveshare,rsu
cinder,cin
opal,opal
lightspeed,lsd
sharkfund0,sf0
instantdex,dex
deepcoin,dcn
supernet (token),token
mozzshare,mls
checkcoin,ckc
volatilitycoin,vlty
x-children,child
gnosis,gns
crackcoin,crack
titcoin,tit
swarm,swarm
foldingcoin,fldc
html5coin,html5
nxtventure,nxtv
nubits,usnbt
freemarket,mrkt
atomic,atomic
bitusd,bitusd
burst,burst
bitcny,bitcny
sterlingcoin,slg
magi,xmg
supernet,unity
jinn,jinn
banx,banx
ethercoin,etc
utilitycoin,util
craigscoin,craig
ruble,ruble
globalboost-y,bsty
digitalprice,dp
cococoin,coco
tradebots,nxtcoinsco
nxtprivacy,nxtprivacy
privatebet,privatebet
hrnxtpool,hrnxt
clearinghouse,xch
umbrella-ltc,ultc
inkwaycoin,lknx
archcoin,arch
bitswift,bits
gaia,gaia
maryjane,maryj
ghostcoin,ghost
whistlecoin,wstl
ach,ach
viking coin,vik
aurum coin,au
xuro,xuro
nxtinspect,nxti
dashcoin,dsh
roscoin,ros
bitbtc,bitbtc
vortex,vtx
potatocoin,spuds
truckcoin,trk
nushares,nsr
tilecoin,xtc
czechcrowncoin,czc
vidio,vdo
darkshibe,dsb
verge,xvg
exclusivecoin,excl
miraclecoin,mcl
spark,spark
cannabisdarkcoin,cnd
mmnxt,mmnxt
nopecoin,nope
glowcoin,glow
munne,mne
darkkush,dank
sembro token,smbr
blazecoin,blz
scattercoin,xstc
neodice,dice
snowballs,balls
nanite,xnan
urodarkcoin,urod
acoin,acoin
kongzi print shop,kps
monetaryunit,mue
bitbay,bay
world trade funds,xwt
quicksilver,qslv
hellascoin,hlc
daytradercoin,dtc
blitzcash,blitz
ucoin,u
dogeblackcoin,dogebc
crown,crw
bytecent,byc
glowshares,gsx
viorcoin,vior
quotient,xqn
profitcoin,pfc
diode,dio
gamerholiccoin,ghc
ltc2nxt,ltc2nxt
dorcs,dorcs
vpncoin,vash
guarany,gua
malibucoin,mal
spreadcoin,spr
noblenxt,noxt
mediterraneancoin,med
skynet,skynet
hrltcgear,hrl
bearmining,bear
cleverhash,chash
paycoin,pyc
eventtoken,event
kingdom coin,king
bitcoin fast,bcf
pangea poker,pangea
seedcoin,seed
paycoin,xpy
noocoin,noo
limitless vip,vip
gamecredits,game
checkoutcoin,cxc
coinousd,xusd
sapience aifx,xai
squarebit,sbit
nakamoto dark,nkt
cryptocoins,ccs
bithaus,bithaus
fireflycoin,ffc
lemurcoin,lmr
failcoin,fail
getgems,gemz
bitstake,xbs
goldpieces,gp
vultmining,vult
unitus,uis
xdecoin,xde
bollywoodcoin,bdc
circuits of value,coval
bitgold,bitgold
gapcoin,gap
rimbit,rbt
smileycoin,smly
incakoin,nka
debune,debune
ambercoin,amber
experiment 10k,10k
poolstamp,xsp
blocknet,block
liquid,lqd
solarfarm,cell
czarcoin,czr
kobocoin,kobo
bean cash,bitb
nexus,nxs
geocoin,geo
glidesec,glide
triangles,tri
bitsilver,bitsilver
metalcoin,metal
premineplus,pmp
vcash,xvc
x-coin,xco
mastertradercoin,mtr
intellect,ilt
paycon,con
riskcoin,risk
tether,usdt
ziftrcoin,zrc
gridcoin,grc
gsmcoin,gsm
ascension,asn
wild beast block,wbb
instaminenuggets b,$minez
ucicoin,uci
instaminenuggets,$mine
bitz,bitz
crave,crave
pura,pura
nem,xem
cybercoin,cc
joincoin,j
unrealcoin,urc
cypher,cyp
jay,jay
positron,tron
8bit,8bit
elektron,ekn
p7coin,p7c
neutron,ntrn
singular,sigu
coven,cov
xaurum,xaur
sling,sling
litedoge,ldoge
bitcointx,btx
droidz,drz
sphere,sphr
enigmacoin,egma
prosperitycoin,pro
smartchips,chips
smac,smac
darkcrave,dcc
shellcoin,shell
empyrean,epy
gambit,gam
rabbitcoin,rbbt
telebet,tb
trmb,trmb
viral,viral
arbit,arb
turingcoin,tng
asset backed coin,abc
parkbyte,pkb
equilibrium,eqm
bitcrystal,btcry
megastake,xms
pharma,xph
darktron,drkt
bananabits,nanas
fetish,fetish
cerium,xce
dibbits,dibs
ivugeocoin,iec
gravitycoin,gxx
core,core
coinoindex,index
europecoin,erc
mangocoinz,mcz
buongiorno caffe,bgcaffe
synergy,snrg
woodshares,ws
cryptocircuits,circ
audiocoin,adc
okcash,ok
ratecoin,xra
hashpay,hap
cycling coin,cyc
gizmocoin,giz
hellenic coin,hnc
tamagucci,tam
axiom,axiom
ethereum,eth
aeon,aeon
tennet,tennet
ghostlycrypto,ghoul
transfercoin,tx
alexium,aum
siacoin,sc
xiaomicoin,mi
sprouts,sprts
canada ecoin,cdn
blockshares,bks
botcoin,bot
spec,spec
gridmaster,grm
shift,shift
empocredits,xemp
neucoin,neu
cryptofund,fund
clevercoin,clv
mapcoin,mapc
flycoin,fly
hamradiocoin,ham
cryptbit,cbit
islacoin,isl
cryptobuck,buk
steps,steps
factom,fct
bitcrystals,bcy
swing,swing
universal currency,unit
sibcoin,sib
mmbtcd,mmbtcd
global currency reserve,gcr
g3n,g3n
digicube,cube
chipcoin,chip
amsterdamcoin,ams
turbostake,trbo
deltacredits,dcre
capricoin,cpc
influxcoin,infx
primechain,prime
prime-xi,pxi
colossuscoin v2,cv2
stronghands,shnd
bitstone,bst
obits,obits
the viral exchange,tve
expanse,exp
woodcoin,log
khancoin,knc
hyperspace,amp
soundac,xsd
openbtc,openbtc
floz,floz
adzcoin,adz
bantam,bnt
tagrcoin,tagr
rhinocoin,rhc
secretcoin,scrt
bdsm-fetish,whipped
swagbucks,bucks
bata,bta
litecred,ltcr
mazecoin,maze
creditbit,crb
radium,rads
evergreencoin,egc
flavorcoin,flvr
warp,warp
heelcoin,heel
anarchistsprime,acp
soilcoin,soil
bubble,bub
songcoin,song
yocoin,yoc
agoras tokens,agrs
pivx,pivx
safex token,sft
salus,sls
decred,dcr
cygnus,cyg
asiadigicoin,adcn
destiny,des
hempcoin,hmp
rubies,rbies
c-bit,xct
stress,sts
monetaverde,mcn
dubaicoin,dbic
vip tokens,vip
fantom,fnx
selfiecoin,slfi
crevacoin,creva
hodlcoin,hodl
memetic / pepecoin,meme
antibitcoin,anti
mindcoin,mnd
bigup,bigup
bioscrypto,bios
trumpcoin,trump
revenu,rev
mojocoin,mojo
elite,1337
biteur,biteur
gamebet coin,gbt
berncash,bern
unfed,unf
nuclearcoin,nuc
btsr,btsr
revolutionvr,rvr
steem,steem
krypton,kr
orlycoin,orly
evil coin,evil
procom coin,pcm
play,pls
phalanx,pxl
cryptokenz,cyt
pebblecoin,xpb
digixdao,dgd
hicoin,xhi
subcriptio,sub
bitcredits,bcr
blackjack,jack
sixeleven,611
sooncoin,soon
parallelcoin,duo
francs,frn
platinumbar,xptx
billarycoin,blry
ponzicoin,ponzi
cabbage,cab
kilocoin,klc
2give,2give
the dao,dao
lisk,lsk
elcoin,el
zaif,zaif
pwr coin,pwr
manna,manna
coin,coin
spots,spots
mineum,mnm
postcoin,post
ion,ion
hitcoin,htc
goldblocks,gb
moin,moin
pulse,pulse
high voltage,hvco
osmiumcoin,os76
save and gain,sandg
waves,waves
nullex,nlx
rise,rise
yaccoin,yacc
coexistcoin,coxst
qwark,qwark
chesscoin,chess
breakout,brk
reecoin,ree
letitride,lir
syndicate,synx
pakcoin,pak
newbium,newb
dappster,dlisk
comet,cmt
sativacoin,stv
1credit,1cr
posex,pex
ethereum classic,etc
lbry credits,lbc
cryptojacks,cj
dt token,draco
putincoin,put
fujicoin,fjc
world gold coin,wgc
swiscoin,scn
breakout stake,brx
gycoin,gyc
ico openledger,icoo
stratis,strat
vtorrent,vtr
elementrem,ele
peerplays [old],ppy
project decorum,pdc
chronos,crx
mudracoin,mudra
the cypherfunks,funk
bittokens,bxt
zonecoin,zne
pizzacoin,pizza
wayguide,way
xonecoin,xoc
beavercoin,bvc
sydpak,sdp
pluton,plu
blockpay,blockpay
veriumreserve,vrm
nolimitcoin,nlc2
tao,xto
zayedcoin,zyd
shilling,sh
steem dollars,sbd
jewels,jwl
pesobit,psb
artex coin,atx
007coin,007
augur,rep
singulardtv,sngls
zcoin,xzc
sequence,seq
jobscoin,jobs
karbo,krb
crypto,cto
ego,ego
beatcoin,xbts
antilitecoin,altc
pepe cash,pepecash
dotcoin,dot
babcoin,babcoin
atomic coin,atom
ardor,ardr
triggers,trig
levocoin,levo
wexcoin,wex
leacoin,lea
iconomi,icn
neo,neo
zcash,zec
allsafe,asafe
sacoin,sac
impulsecoin,imps
veltor,vlt
metal music coin,mtlmc3
zclassic,zcl
lomocoin,lmc
dollarcoin,dlc
virtualcoin,vc
bitland,cadastral
cashout,csh
fuzzballs,fuzz
bowscoin,bsc
round,round
cannabis industry coin,xci
golem,gnt
lykke,lkk
internet of people,iop
xenixcoin,xen
pascal,pasc
eternity,ent
prototanium,pr
eurocoin,euc
luckchain,bash
hacker gold,hkg
veros,vrs
arcade token,arc
edc blockchain,edc
vslice,vsl
shorty,shorty
bipcoin,bip
rawcoin,xrc
moneycoin,money
blackstar,bstar
obyte,gbyte
nexium,nxc
russiacoin,rc
advanced technology coin,arc
yashcoin,yash
bitpark coin,bpc
firstblood,1st
jupiter,jup
caliphcoin,calc
golos,golos
bitconnect,bcc
purevidz,vidz
abncoin,abn
spectrecoin,xspec
luna coin,luna
komodo,kmd
heat,heat
incent,incnt
vault coin,vltc
digital rupees,drs
waves community token,wct
janus,jns
posw coin,posw
kushcoin,kush
marijuanacoin,mar
centurion,cnt
chrono.tech,time
prcoin,prc
uniburst,uniburst
swarm city,swt
nano,nano
melon,mln
visio,visio
ark,ark
master swiscoin,mscn
global cryptocurrency,gcc
casino,casino
tokes,tks
gameunits,units
musicoin,music
dynamic,dyn
edgeless,edg
yogold,yog
cryptocarbon,ccrb
mercury,mer
asch,xas
iexec rlc,rlc
wetrust,trst
bankcoin,b@
skycoin,sky
atmos,atmos
insanecoin,insane
ethereum movie venture,emv
happypay,hpay
matchpool,gup
wings,wings
mergecoin,mgc
dubaicoin,dbix
zennies,zeni
xtrabytes,xby
chaincoin,chc
renos,rns
gnosis,gno
lunyr,lun
deepwebcash,dwc
espers,esp
bcap,bcap
monolith,tkn
taas,taas
inpay,inpay
aragon,ant
etheroll,dice
humaniq,hmq
unity ingot,uny
e-coin,ecn
apx,apx
funcoin,func
basic attention token,bat
mcap,mcap
roulettetoken,rlt
minereum,mne
ethbits,etbs
crea,crea
quantum resistant ledger,qrl
horizen,zen
iota,miota
veritaseum,veri
mobilego,mgo
peerplays,ppy
leocoin,leo
mysterium,myst
quantum,qau
databits,dtb
patientory,ptoy
numeraire,nmr
xel,xel
cofound.it,cfi
funfair,fun
status,snt
bancor,bnt
storj,storj
zrcoin,zrc
eos,eos
tenx,pay
decent,dct
metal,mtl
soarcoin,soar
adtoken,adt
wagerr,wgr
mco,mco
qtum,qtum
populous,ppt
omisego,omg
polybius,plbt
daxxcoin,daxx
santiment network token,san
nvo,nvst
nimiq exchange token,net
eb3 coin,eb3
rialto,xrl
encryptotel [waves],ett
adex,adx
bitdeal,bdl
civic,cvc
particl,part
coeval,coe
ecobit,ecob
sonm,snm
metaverse etp,etp
pillar,plr
binance coin,bnb
mothership,msp
bitcoin cash,bch
stox,stx
district0x,dnt
compcoin,cmp
gas,gas
toacoin,toa
voyager token,vgx
ico,ico
bytom,btm
oax,oax
dent,dent
neverdie,ndc
blocktix,tix
ixt,ixt
dao.casino,bet
0x,zrx
the champcoin,tcc
embers,mbrs
mybit,myb
suncontract,snc
nebulas,nas
tierion,tnt
blox,cdt
blockcat,cat
hypercash,hc
gxchain,gxc
waltonchain,wtc
loopring,lrc
aidos kuneen,adk
fujinto,nto
primas,pst
aeternity,ae
monetha,mth
agrello,dlt
po.et,poe
atc coin,atcc
investfeed,ift
martexcoin,mxt
neblio,nebl
credo,credo
kyber network,knc
dentacoin,dcn
chainlink,link
blackmoon,bmc
moeda loyalty points,mda
smartcash,smart
aventus,avt
salt,salt
centra,ctr
kin,kin
substratum,sub
tron,trx
decentraland,mana
obsidian,odn
bitdice,csno
cardano,ada
vechain [token],ven
atmchain,atm
atbcoin,atb
kicktoken,kick
target coin,tgt
viberate,vib
rivetz,rvt
voise,voise
prospectors gold,pgl
enigma,eng
cindicator,cnd
everex,evx
paypie,ppp
airtoken,air
airswap,ast
request,req
bitqy,bq
eidoo,edo
alis,alis
hiveterminal token,hvn
maecenas,art
blockmason credit protocol,bcpt
modum,mod
red pulse phoenix,phx
bitcore,btx
ambrosus,amb
achain,act
paragon,prg
revain,r
b3coin,kb3
minexcoin,mnx
raiden network token,rdn
ripio credit network,rcn
open trading network,otn
kucoin shares,kcs
power ledger,powr
streamr datacoin,data
zeusshield,zsc
cryptonex,cnx
icos,icos
domraider,drt
stakecoin,stcn
grid+,grid
rchain,rhoc
cobinhood,cob
enjin coin,enj
bitcoin gold,btg
exchange union,xuc
quantstamp,qsp
unikoin gold,ukg
delphy,dpy
etherparty,fuel
genesis vision,gvt
qash,qash
ink,ink
time new bank,tnb
yoyow,yoyow
paypex,payx
dragonchain,drgn
aion,aion
russian miner coin,rmc
blockv,vee
presearch,pre
bitzeny,zny
electroneum,etn
tael,wabi
aave,lend
bridgecoin,bco
spankchain,spank
nuls,nuls
shield,xsh
ost,ost
experience points,xp
icon,icx
wax,waxp
aelf,elf
utrust,utk
storm,storm
iot chain,itc
medibloc,med
bread,brd
cybermiles,cmt
dynamic trading rights,dtr
pac global,pac
deepbrain chain,dbc
electra,eca
flash,flash
sirin labs token,srn
latoken,la
decision token,hst
gifto,gto
oyster,prl
appcoins,appc
dew,dew
vibe,vibe
lamden,tau
naga,ngc
cos,cos
maker,mkr
sophiatx,sphtx
telcoin,tel
high performance blockchain,hpb
insolar,xns
htmlcoin,html
bibox token,bix
int chain,int
medishares,mds
qlc chain,qlc
bitdegree,bdg
iost,iost
theta,theta
trinity network credit,tnc
cappasity,capp
indahash,idh
zilliqa,zil
singularitynet,agi
ignis,ignis
origintrail,trac
qbao,qbt
odyssey,ocn
universal cash,ucash
bluzelle,blz
crypto20,c20
jibrel network,jnt
polymath,poly
bottos,bto
all sports,soc
data,dta
wepower,wpr
poa,poa
credits,cs
arcblock,abt
spacechain,spc
fusion,fsn
envion,evn
universa,utnp
ontology,ont
nucleus vision,ncash
genaro network,gnx
cube,auto
pundi x,pxs
smartmesh,smt
bitcoin diamond,bcd
boscoin,bos
crypterium,crpt
scry.info,ddd
thekey,tky
loom network,loom
mithril,mith
dropil,drop
matrix ai network,man
ruff,ruff
centrality,cennz
elastos,ela
wanchain,wan
bitcoin private,btcp
mixin,xin
game.com,gtc
tokenpay,tpay
cortex,ctxc
litecoin cash,lcc
iht real estate protocol,iht
apex,cpx
huobi token,ht
tomochain,tomo
nanjcoin,nanj
waykichain,wicc
bnktothefuture,bft
zebi token,zebi
nexo,nexo
holo,hot
truechain,true
lympo,lym
cybervein,cvt
zeepin,zpt
ren,ren
eosdac,eosdac
doc.com token,mtc
educare,ekt
bodhi,bot
moac,moac
storiqa,stq
iotex,iotx
bitcoin interest,bci
quarkchain,qkc
eximchain,exc
tokenomy,ten
stakenet,xsn
trueusd,tusd
single collateral dai ,sai
trade token,tio
odem,ode
nkn,nkn
endor protocol,edr
selfkey,key
tezos,xtz
pundi x,npxs
tatatu,ttu
nexty,nty
mainframe,mft
aston,atx
gochain,go
noah coin,noah
prizm,pzm
fuzex,fxt
vechain,vet
aurora,aoa
dignity,dig
ravencoin,rvn
daex,dax
loyalcoin,lyl
eternal token,xet
nectar,nec
wabnetwork,wab
linkey,lky
medibloc [erc20],medx
bhpcoin,bhp
digitex futures,dgtx
cosmo coin,cosm
oneroot network,rnt
apis,apis
gold bits coin,gbc
timicoin,tmc
zipper,zip
apollo currency,apl
spectre.ai dividend token,sxdt
everipedia,iq
vitae,vitae
paxos standard,pax
arbitrage,arb
insight chain,inb
tronclassic,trxc
usd coin,usdc
propy,pro
cryptaur,cpt
quant,qnt
pumapay,pma
box token,box
smartlands,slt
proximax,xpx
bezant,bznt
nasdacoin,nsd
gemini dollar,gusd
optimal shelf availability token,osa
fantom,ftm
amo coin,amo
cred,lba
buggyra coin zero,bczero
stasis euro,eurs
wowbit,wwb
swarm,swm
bitcoin sv,bsv
dex,dex
free coin,free
etheera,eta
xyo,xyo
maximine coin,mxm
energi,nrg
neumark,neu
dmarket,dmt
esdchain,sda
tokenclub,tct
stacs,stacs
crypto.com coin,cro
repo,repo
lisk machine learning,lml
massgrid,mgd
evencoin,evn
qubitica,qbit
project pai,pai
hycon,hyc
locktrip,loc
everus,evr
bitcoiin,b2g
weown,chx
guaranteed ethurance token extra,getx
platincoin,plc
ino coin,ino
ecoreal estate,ecoreal
coinus,cnus
grin,grin
s4fe,s4f
moss coin,moc
hedgetrade,hedg
abbc coin,abbc
thorecoin,thr
davinci coin,dac
metadium,meta
cwv chain,cwv
bitcapitalvendor,bcv
stem cell coin,scc
robotina,rox
bittorrent,btt
ormeus coin,ormeus
#metahash,mhc
next,net
ttc,ttc
vestchain,vest
spendcoin,spnd
rsk infrastructure framework,rif
celer network,celr
lambda,lamb
bitkan,kan
ankr,ankr
theta fuel,tfuel
lightning bitcoin,lbtc
top,top
solve,solve
fetch.ai,fet
united traders token,utt
orbs,orbs
ugas,ugas
ilcoin,ilc
cosmos,atom
japan content token,jct
newton,new
hyperion,hyn
clipper coin,ccc
matic network,matic
egretia,egt
nash exchange,nex
ether zero,etz
synthetix network token,snx
daps coin,daps
ipchain,ipc
adshares,ads
cajutel,caj
contents protocol,cpt
thunder token,tt
lto network,lto
lina,lina
btu protocol,btu
unus sed leo,leo
beam,beam
xmax,xmx
pirate chain,arrr
botxcoin,botx
v.systems,vsys
harmony,one
u network,uuu
contentbox,box
realtract,ret
function x,fx
agavecoin,agvc
silverway,slv
flexacoin,fxc
chiliz,chz
cryptoindex.com 100,cix100
greenpower,grn
bitcoinhd,bhd
unlimitedip,uip
1irstcoin,fst
bit-z token,bz
ultiledger,ult
karatgold coin,kbc
bitbook gambling,bxk
proton token,ptt
litex,lxt
zb token,zb
wixlar,wix
ftx token,ftt
cryptoverificationcoin,cvcc
business credit alliance chain,bcac
atlas protocol,atp
valor token,valor
block-chain.com,bc
bitcoin 2,btc2
algorand,algo
okb,okb
usdk,usdk
carry,cre
oasis city,osc
beldex,bdx
bankera,bnk
bqt,bqtx
ddkoin,ddk
thorenext,thx
wink,win
dragon coins,drg
bhex token,bht
general attention currency,xac
mb8 coin,mb8
alpha token,a
safe,safe
divi,divi
perlin,perl
cocos-bcx,cocos
seele,seele
minebee,mb
swipe,sxp
bitforex token,bf
fnb protocol,fnb
fabrk,fab
aladdin,adn
molecular future,mof
dxchain token,dx
gatechain token,gt
mexc token,mexc
gaps,gap
xceltoken plus,xlab
microbitcoin,mbc
jewel,jwl
hedera hashgraph,hbar
telos,tlos
terra,luna
dimension chain,eon
mx token,mx
breezecoin,brze
you coin,you
binance usd,busd
huobi pool token,hpt
mindol,min
bitmax token,btmx
uni coin,uni
mmocoin,mmo
storeum,sto
diamond platform token,dpt
exmr fdn,exmr
gny,gny
loki,loki
999,999
joule,jul
velas,vlx
qcash,qc
counos coin,cca
xensor,xsr
blockstamp,bst
tagz5,tagz5
nervos network,ckb
folgory coin,flg
glitzkoin,gtn
bigone token,one
blockstack,stx
poseidon network,qqq
multi-collateral dai,dai
tap,xtp
yap stone,yap
playfuel,plf
celsius,cel
unibright,ubt
super zero,sero
insure,sure
metaverse dualchain network architecture,dna
ocean protocol,ocean
wincash,wcc
chronocoin,crn
reserve rights,rsr
baer chain,brc
bosagora,boa
hex,hex
tachyon protocol,ipx
zvchain,zvc
pax gold,paxg
wirex token,wxt
bitball treasure,btrs
cryptobucks,cbucks
erc20,erc20
standard tokenization protocol,stpt
zbg token,zt
elamachain,elama
zeon,zeon
newyork exchange,nye
synchrobitcoin,snb
gleec,gleec
kava,kava
mimblewimblecoin,mwc
homeros,hmr
hive,hive
bora,bora
okschain,oks
castweet,ctt
handshake ,hns
counos x,ccxx
husd,husd
bloomzed token,bzt
seele-n,seele
sologenic,solo
band protocol,band
streamr,data
rocket pool,rpl
xenioscoin,xnc
swissborg,chsb
tnc coin,tnc
deviantcoin,dev
idea chain coin,ich
xinfin network,xdce
12ships,tshp
elrond,erd
massnet,mass
omg network,omg
acash coin,aca
largo coin,lrg
the midas touch gold,tmtg
dai,dai
thorchain,rune
super zero protocol,sero
compound,comp
apix,apix
zelwin,zlw
wrapped bitcoin,wbtc
dad,dad
egoras,egr
haven protocol,xhv
kusama,ksm
ampleforth,ampl
attila,att
celo,celo
beautypaycoin,bpc
nimiq,nim
terrakrw,krt
level01,lvx
origin protocol,ogn
bitcoinpos,bps
yearn.finance,yfi
vethor token,vtho
bzx protocol,bzrx
energy web token,ewt
travala.com,ava
sharetoken,shr
livepeer,lpt
irisnet,iris
pnetwork,pnt
kava.io,kava
chimpion,bnana
augur,repv2
balancer,bal
advanced internet blocks,aib
nxm,nxm
dos network,dos
just,jst
nest protocol,nest
kleros,pnk
tellor,trb
kardiachain,kai
solana,sol
akropolis ,akro
dmm: governance,dmg
stpay,stp
defichain,dfi
serum,srm
trustswap,swap
mxc,mxc
8x8 protocol,exe
ize,ize
uma,uma
darma cash,dmch
the transfer token,ttt
switcheo,swth
idex,idex
dfi.money,yfii
xinfin network,xdc
curve dao token,crv
xdai,stake
troy,troy
ultra,uos
polkadot,dot
elrond erd,erd
sushiswap,sushi
elrond,egld
arweave,ar
revain,rev
darwinia network,ring
helium,hnt
uniswap,uni
creditcoin,ctc
orchid,oxt
axel,axel
gatetoken,gt
nervenetwork,nvt
mobius,mobi
filecoin,fil
avalanche,avax
uquid coin,uqc
penta,pnt
dia,dia
hxro,hxro
apm coin,apm
sun,sun
aave,aave
redfox labs,rfox
near protocol,near
bitcoin bep2,btcb
adex network,adx
nexalt,xlt
synthetix,snx
keep3rv1,kp3r
sharering,shr
certik,ctk
venus,xvs
noia network,noia
stratis,strax
vidt datalink,vidt
zap,zap
renbtc,renbtc
mvl,mvl
firo,xzc
injective protocol,inj
unifi protocol dao,unfi
the graph,grt
terrausd,ust
oasis network,rose
syntropy,noia
alpha finance lab,alpha
morpheus.network,mrph
1inch,1inch
golem,glm
kucoin token,kcs
firo,firo
stacks,stx
secret,scrt
enzyme finance,mln
akropolis,akro
flow (dapper labs),flow
pancakeswap,cake
opium,opium
enzyme,mln
0chain,zcn
nucypher,nu
saffron.finance,sfi
wrapped nxm,wnxm
vai,vai
reef,reef
stormx,stmx
polygon,matic
polkastarter,pols
hifi finance,mft
badger dao,badger
dodo,dodo
prometeus,prom
coti,coti
flow,flow
bitcoin standard hashrate token,btcst
litentry,lit
handshake,hns
wootrade,woo
ergo,erg
phala network,pha
zkswap,zks
sora,xor
skale network,skl
chromia,chr
myneighboralice,alice
moviebloc,mbl
refereum,rfr
klaytn,klay
ascendex (bitmax) token,btmx
pundi x[old],npxs
btmx,btmx
wazirx,wrx
the sandbox,sand
maro,maro
conflux network,cfx
mdex,mdx
funtoken,fun
neutrino usd,usdn
ontology gas,ong
bakerytoken,bake
kyber network crystal legacy,knc
winklink,win
cartesi,ctsi
shiba inu,shib
internet computer,icp
dogelon mars,elon
strike,strk
asd (btmx),btmx
casper,cspr
amp,amp
singularitynet,agix
mina,mina
constellation,dag
axie infinity,axs
asd,btmx
small love potion,slp
perpetual protocol,perp
smooth love potion,slp
audius,audio
fei protocol,fei
pax dollar,pax
woo network,woo
asd,asd
cvcoin,cvn
conflux,cfx
digitalbits,xdb
ecash,xec
xinfin,xdc
raydium,ray
pax dollar,usdp
dero,dero
xdc network,xdc
dydx,dydx
verasity,vra
hedera,hbar
proton,xpr
1inch network,1inch
